{"train_loss_epoch": [0.2392894576508552, 0.13876214163610712, 0.09270662689985086], "val_loss_epoch": [0.19381416753927866, 0.15896499130999048, 0.1782659861911088], "val_accuracy_epoch": [0.9335, 0.94725, 0.9443333333333334], "val_f1_epoch": [0.933111802871597, 0.9472129625826644, 0.9443356527489987], "batch_loss": [0.19336280226707458, 0.07719987630844116, 0.3807764947414398, 0.15417435765266418, 0.35879600048065186, 0.14999844133853912, 0.18009768426418304, 0.24756282567977905, 0.21366369724273682, 0.2867671847343445, 0.16736997663974762, 0.46132656931877136, 0.13111990690231323, 0.043112561106681824, 0.2637093663215637, 0.3501189947128296, 0.13596512377262115, 0.15770268440246582, 0.1871219277381897, 0.11161293089389801, 0.10428085923194885, 0.11893314123153687, 0.17718946933746338, 0.17422887682914734, 0.240790456533432, 0.07304225862026215, 0.09000439941883087, 0.22253012657165527, 0.10815858095884323, 0.3012668490409851, 0.23766672611236572, 0.16232842206954956, 0.07653054594993591, 0.02235058881342411, 0.0495956651866436, 0.04807721823453903, 0.03210948780179024, 0.030950674787163734, 0.18756523728370667, 0.07132337987422943, 0.13343194127082825, 0.07810625433921814, 0.20593242347240448, 0.11996443569660187, 0.09317252039909363, 0.437455415725708, 0.24846063554286957, 0.14378206431865692, 0.07333281636238098, 0.088181272149086, 0.044929713010787964, 0.054399874061346054, 0.03531373664736748, 0.049066655337810516, 0.14714448153972626, 0.11524711549282074, 0.11709845811128616, 0.07627842575311661, 0.06032172963023186, 0.04604931175708771, 0.08241135627031326, 0.06917543709278107, 0.07512227445840836, 0.11365267634391785, 0.2279341071844101, 0.06979671865701675, 0.13002659380435944, 0.09674704074859619, 0.03149837628006935, 0.1495317816734314, 0.16812264919281006, 0.03532662242650986, 0.2065160870552063, 0.11828318238258362, 0.0975339263677597, 0.012373443692922592, 0.0038970329333096743, 0.015020296908915043, 0.019533220678567886, 0.04770899564027786, 0.025906771421432495, 0.02862691693007946, 0.20738524198532104, 0.02517855167388916, 0.0073688579723238945, 0.28460633754730225, 0.17888927459716797], "batch_steps": [101, 201, 301, 401, 501, 601, 701, 801, 901, 1001, 1101, 1201, 1301, 1401, 1501, 1601, 1701, 1801, 1901, 2001, 2101, 2201, 2301, 2401, 2501, 2601, 2701, 2801, 2901, 3101, 3201, 3301, 3401, 3501, 3601, 3701, 3801, 3901, 4001, 4101, 4201, 4301, 4401, 4501, 4601, 4701, 4801, 4901, 5001, 5101, 5201, 5301, 5401, 5501, 5601, 5701, 5801, 5901, 6101, 6201, 6301, 6401, 6501, 6601, 6701, 6801, 6901, 7001, 7101, 7201, 7301, 7401, 7501, 7601, 7701, 7801, 7901, 8001, 8101, 8201, 8301, 8401, 8501, 8601, 8701, 8801, 8901], "batch_times": [28.024067878723145, 56.518332719802856, 85.58870196342468, 114.97634673118591, 144.75093817710876, 174.8485496044159, 205.15394115447998, 235.57894563674927, 266.20046520233154, 296.9632375240326, 327.8707046508789, 358.90845584869385, 390.0864613056183, 421.353613615036, 452.6681389808655, 484.0092282295227, 515.3869853019714, 546.8730711936951, 578.2654967308044, 609.5878312587738, 640.9041702747345, 672.1878910064697, 703.5078473091125, 734.9895956516266, 766.3997056484222, 797.7156140804291, 829.0867760181427, 860.5294990539551, 891.8983385562897, 1036.847089290619, 1068.0948586463928, 1099.3820459842682, 1130.7924103736877, 1162.2344808578491, 1193.6732468605042, 1225.0820491313934, 1256.4636416435242, 1287.822036266327, 1319.155277967453, 1350.4531576633453, 1381.7393488883972, 1413.1497571468353, 1444.5886011123657, 1475.9877400398254, 1507.3754482269287, 1538.7412898540497, 1570.1003091335297, 1601.412359714508, 1632.729841709137, 1664.0371479988098, 1695.3540694713593, 1726.6485414505005, 1757.8982863426208, 1789.1824991703033, 1820.488082408905, 1851.7949271202087, 1883.1191034317017, 1914.4394969940186, 2059.75630569458, 2091.2057230472565, 2122.6207251548767, 2154.0278465747833, 2185.4277131557465, 2216.7734384536743, 2248.1284651756287, 2279.420757293701, 2310.7108590602875, 2341.99259352684, 2373.2958335876465, 2404.5837182998657, 2435.916268348694, 2467.268529176712, 2498.612303495407, 2529.9394142627716, 2561.256552696228, 2592.5629348754883, 2623.8618116378784, 2655.151686191559, 2686.4297289848328, 2717.715864419937, 2748.9877066612244, 2780.290744781494, 2811.598003387451, 2842.9276497364044, 2874.2405800819397, 2905.509072303772, 2936.793386697769], "val_times": [1005.0772123336792, 2027.8539242744446, 3050.203448534012], "val_steps": [3000, 6000, 9000]}