{"train_loss_epoch": [1.4014075778722763, 1.3953136562903723, 1.393102378487587], "val_loss_epoch": [1.3908092942237853, 1.3936308952967327, 1.3918082242012024], "val_accuracy_epoch": [0.25, 0.25, 0.25], "val_f1_epoch": [0.1, 0.1, 0.1], "batch_loss": [1.4005680084228516, 1.3530555963516235, 1.3472011089324951, 1.4035223722457886, 1.3776578903198242, 1.4010727405548096, 1.406679391860962, 1.336714506149292, 1.4450565576553345, 1.3217036724090576, 1.3806941509246826, 1.4095278978347778, 1.4042658805847168, 1.4142645597457886, 1.4268949031829834, 1.4076286554336548, 1.3360718488693237, 1.3803197145462036, 1.3989670276641846, 1.3504787683486938, 1.4006645679473877, 1.3626693487167358, 1.3999563455581665, 1.3934085369110107, 1.4322285652160645, 1.440700650215149, 1.3958930969238281, 1.4211218357086182, 1.426010012626648, 1.4386718273162842, 1.4456707239151, 1.3882418870925903, 1.3973884582519531, 1.401105523109436, 1.3967376947402954, 1.4068889617919922, 1.4097168445587158, 1.3639886379241943, 1.3608558177947998, 1.4395008087158203, 1.4130784273147583, 1.5072721242904663, 1.367614507675171, 1.3635594844818115, 1.3622115850448608, 1.414413571357727, 1.3819843530654907, 1.3821141719818115, 1.3984335660934448, 1.4004229307174683, 1.4240002632141113, 1.4124451875686646, 1.376952886581421, 1.4560121297836304, 1.3929498195648193, 1.391656756401062, 1.3669624328613281, 1.3910858631134033, 1.400103211402893, 1.388659954071045, 1.3885180950164795, 1.3877513408660889, 1.3645683526992798, 1.3866740465164185, 1.3929630517959595, 1.3643178939819336, 1.4097627401351929, 1.3760008811950684, 1.3758397102355957, 1.403389811515808, 1.4211653470993042, 1.3923673629760742, 1.3810864686965942, 1.4066697359085083, 1.374359130859375, 1.4123055934906006, 1.3461787700653076, 1.3774937391281128, 1.4352531433105469, 1.373995304107666, 1.3754000663757324, 1.3926104307174683, 1.4139209985733032, 1.3962311744689941, 1.3977662324905396, 1.4077303409576416, 1.4327419996261597], "batch_steps": [101, 201, 301, 401, 501, 601, 701, 801, 901, 1001, 1101, 1201, 1301, 1401, 1501, 1601, 1701, 1801, 1901, 2001, 2101, 2201, 2301, 2401, 2501, 2601, 2701, 2801, 2901, 3101, 3201, 3301, 3401, 3501, 3601, 3701, 3801, 3901, 4001, 4101, 4201, 4301, 4401, 4501, 4601, 4701, 4801, 4901, 5001, 5101, 5201, 5301, 5401, 5501, 5601, 5701, 5801, 5901, 6101, 6201, 6301, 6401, 6501, 6601, 6701, 6801, 6901, 7001, 7101, 7201, 7301, 7401, 7501, 7601, 7701, 7801, 7901, 8001, 8101, 8201, 8301, 8401, 8501, 8601, 8701, 8801, 8901], "batch_times": [104.91375994682312, 231.5464265346527, 357.7820417881012, 476.9008708000183, 588.2750670909882, 714.4771521091461, 840.8527173995972, 945.093939781189, 1071.482360124588, 1197.6132986545563, 1301.8879430294037, 1428.3564231395721, 1554.5824964046478, 1678.971513748169, 1782.9536709785461, 1909.2439229488373, 2035.3394672870636, 2138.963212966919, 2265.323137521744, 2391.4361658096313, 2499.805376768112, 2618.6643328666687, 2745.062031507492, 2871.2775745391846, 2975.2539863586426, 3102.172004699707, 3228.6506118774414, 3332.8458321094513, 3459.3739252090454, 3998.0458331108093, 4104.9424700737, 4228.273823261261, 4354.389532089233, 4480.493383646011, 4584.675684928894, 4711.137799024582, 4837.3002388477325, 4941.143224954605, 5067.9521048069, 5194.304062843323, 5306.604793787003, 5424.768172979355, 5551.019646406174, 5677.1178295612335, 5780.619298219681, 5906.825756311417, 6033.063788175583, 6137.10712146759, 6263.513918638229, 6389.766065359116, 6508.267432928085, 6617.716234922409, 6743.953462600708, 6869.894545316696, 6974.043107509613, 7100.652853727341, 7227.018298864365, 7331.012540578842, 7870.408069372177, 7996.733172416687, 8113.192328214645, 8227.140905618668, 8353.601584911346, 8479.726183652878, 8581.27075958252, 8707.55759692192, 8833.76175737381, 8936.135761260986, 9062.333441972733, 9188.612972736359, 9314.811225652695, 9419.061035633087, 9545.103085517883, 9671.205247879028, 9757.068000793457, 9815.733183860779, 9874.491815805435, 9933.21005988121, 9991.942264318466, 10050.60701084137, 10109.294562101364, 10168.052932739258, 10226.747356891632, 10285.461958885193, 10344.225890874863, 10402.93854022026, 10461.69014453888], "val_times": [3870.4218049049377, 7742.571081876755, 10663.972294807434], "val_steps": [3000, 6000, 9000]}