{"train_loss_epoch": [0.2643682355924199, 0.15791916826367378, 0.11224861075721371], "val_loss_epoch": [0.19396068928639093, 0.17438667086760204, 0.17763022815374035], "val_accuracy_epoch": [0.9320416666666667, 0.9395416666666667, 0.9429583333333333], "val_f1_epoch": [0.9319521260324621, 0.9394580598334863, 0.9429343570571243], "batch_loss": [0.7030394673347473, 0.23412033915519714, 0.3844314515590668, 0.22823099792003632, 0.0796956866979599, 0.3634904623031616, 0.18651650846004486, 0.19392047822475433, 0.12336553633213043, 0.13125550746917725, 0.07718674093484879, 0.10087631642818451, 0.41059544682502747, 0.19567778706550598, 0.12091445922851562, 0.22537080943584442, 0.0964229628443718, 0.31693118810653687, 0.20430925488471985, 0.15753735601902008, 0.23104313015937805, 0.38319718837738037, 0.18737326562404633, 0.28888487815856934, 0.41015875339508057, 0.09601496160030365, 0.25043347477912903, 0.13242888450622559, 0.11997893452644348, 0.22935175895690918, 0.11559443175792694, 0.2665930390357971, 0.2980024516582489, 0.23662012815475464, 0.06876827776432037, 0.16960105299949646, 0.17235791683197021, 0.19015897810459137, 0.10118652135133743, 0.08171793818473816, 0.32629966735839844, 0.1892295926809311, 0.13572360575199127, 0.10207037627696991, 0.1351882666349411, 0.04740527272224426, 0.12731635570526123, 0.10574761033058167, 0.0781475231051445, 0.07985616475343704, 0.1329462081193924, 0.12397270649671555, 0.18516190350055695, 0.2703580856323242, 0.07972531765699387, 0.19889622926712036, 0.1719575971364975, 0.06055548042058945, 0.19096890091896057, 0.11015155166387558, 0.3200417160987854, 0.23049113154411316, 0.1490633189678192, 0.20960325002670288, 0.17215056717395782, 0.16015978157520294, 0.08382455259561539, 0.20378972589969635, 0.049826040863990784, 0.19105525314807892, 0.018124481663107872, 0.11570961773395538, 0.03076683171093464, 0.07371379435062408, 0.06436462700366974, 0.10004138946533203, 0.15230555832386017, 0.06793732196092606, 0.04712874814867973, 0.1358904093503952, 0.04596957191824913, 0.07159459590911865, 0.1046663448214531, 0.1306651383638382, 0.22359392046928406, 0.14516089856624603, 0.1676831990480423], "batch_steps": [101, 201, 301, 401, 501, 601, 701, 801, 901, 1001, 1101, 1201, 1301, 1401, 1501, 1601, 1701, 1801, 1901, 2001, 2101, 2201, 2301, 2401, 2501, 2601, 2701, 2801, 2901, 3101, 3201, 3301, 3401, 3501, 3601, 3701, 3801, 3901, 4001, 4101, 4201, 4301, 4401, 4501, 4601, 4701, 4801, 4901, 5001, 5101, 5201, 5301, 5401, 5501, 5601, 5701, 5801, 5901, 6101, 6201, 6301, 6401, 6501, 6601, 6701, 6801, 6901, 7001, 7101, 7201, 7301, 7401, 7501, 7601, 7701, 7801, 7901, 8001, 8101, 8201, 8301, 8401, 8501, 8601, 8701, 8801, 8901], "batch_times": [14.490472316741943, 29.108197689056396, 43.91452622413635, 58.899056911468506, 73.97275876998901, 89.1864697933197, 104.49639773368835, 119.9025650024414, 135.39437246322632, 150.95121002197266, 166.56133484840393, 182.24534511566162, 197.96558618545532, 213.71266293525696, 229.4782898426056, 245.2531280517578, 261.06799483299255, 276.91845417022705, 292.80187010765076, 308.68913745880127, 324.5559980869293, 340.4573726654053, 356.40287351608276, 372.38533115386963, 388.37772130966187, 404.4060728549957, 420.4651448726654, 436.5363554954529, 452.62276005744934, 527.8749854564667, 543.8157434463501, 559.7865128517151, 575.7459342479706, 591.6817891597748, 607.6157169342041, 623.620099067688, 639.6510841846466, 655.689962387085, 671.7418351173401, 687.8157916069031, 703.9084103107452, 719.9979150295258, 736.0855417251587, 752.1804664134979, 768.2751643657684, 784.3142974376678, 800.3455240726471, 816.3853828907013, 832.4186775684357, 848.4458529949188, 864.4586215019226, 880.47856092453, 896.470246553421, 912.4939529895782, 928.5059032440186, 944.5644674301147, 960.6523201465607, 976.736909866333, 1052.3699605464935, 1068.410456418991, 1084.5123040676117, 1100.6198015213013, 1116.7316341400146, 1132.8028452396393, 1148.8407242298126, 1164.8668992519379, 1180.9097621440887, 1197.0246241092682, 1213.1821670532227, 1229.2961506843567, 1245.357918024063, 1261.3999831676483, 1277.4026565551758, 1293.3988766670227, 1309.436766386032, 1325.5123529434204, 1341.577092885971, 1357.665034532547, 1373.7614259719849, 1389.8640003204346, 1405.9560623168945, 1422.0605738162994, 1438.1506731510162, 1454.211475610733, 1470.2463264465332, 1486.2627322673798, 1502.298526763916], "val_times": [511.61426424980164, 1035.9964418411255, 1561.3037629127502], "val_steps": [3000, 6000, 9000]}