{"train_loss_epoch": [0.3348880247970422, 0.20569687111365298, 0.16300882656189303], "val_loss_epoch": [0.22707566784570615, 0.20925589278091988, 0.2029265725488464], "val_accuracy_epoch": [0.921, 0.9278333333333333, 0.9325833333333333], "val_f1_epoch": [0.92088004485326, 0.9278833382735868, 0.9325244816516435], "batch_loss": [1.1588895320892334, 0.6082510352134705, 0.41338181495666504, 0.22738821804523468, 0.24386239051818848, 0.38404491543769836, 0.5082586407661438, 0.08234032988548279, 0.4202972948551178, 0.3625423312187195, 0.24522961676120758, 0.14898306131362915, 0.19169312715530396, 0.1868194192647934, 0.3308240473270416, 0.3228585720062256, 0.3662528693675995, 0.1137649416923523, 0.17833620309829712, 0.1580171436071396, 0.25596001744270325, 0.3181766867637634, 0.31512001156806946, 0.33697810769081116, 0.13333992660045624, 0.1586368978023529, 0.27467837929725647, 0.08829380571842194, 0.341043084859848, 0.22821083664894104, 0.11623474955558777, 0.30088338255882263, 0.08973550796508789, 0.21827514469623566, 0.09173956513404846, 0.32702869176864624, 0.1577538102865219, 0.1307906210422516, 0.23860213160514832, 0.17247828841209412, 0.2735545337200165, 0.3524080812931061, 0.11669984459877014, 0.1968352347612381, 0.15884874761104584, 0.21144115924835205, 0.5433186888694763, 0.33351436257362366, 0.16084103286266327, 0.026447273790836334, 0.15718740224838257, 0.16878490149974823, 0.35416173934936523, 0.2051074504852295, 0.31915199756622314, 0.32649657130241394, 0.41317468881607056, 0.21544185280799866, 0.11947238445281982, 0.06771665811538696, 0.16084948182106018, 0.29936209321022034, 0.1831243485212326, 0.3472537398338318, 0.21021293103694916, 0.14539562165737152, 0.06927204877138138, 0.062437742948532104, 0.05240960791707039, 0.302094966173172, 0.08223729580640793, 0.10016436874866486, 0.2805519700050354, 0.031120382249355316, 0.050147876143455505, 0.0762162059545517, 0.1947445422410965, 0.2986433804035187, 0.26311150193214417, 0.01654122956097126, 0.0979439839720726, 0.23312771320343018, 0.10565611720085144, 0.1198720782995224, 0.3873257339000702, 0.3942457437515259, 0.06974444538354874], "batch_steps": [101, 201, 301, 401, 501, 601, 701, 801, 901, 1001, 1101, 1201, 1301, 1401, 1501, 1601, 1701, 1801, 1901, 2001, 2101, 2201, 2301, 2401, 2501, 2601, 2701, 2801, 2901, 3101, 3201, 3301, 3401, 3501, 3601, 3701, 3801, 3901, 4001, 4101, 4201, 4301, 4401, 4501, 4601, 4701, 4801, 4901, 5001, 5101, 5201, 5301, 5401, 5501, 5601, 5701, 5801, 5901, 6101, 6201, 6301, 6401, 6501, 6601, 6701, 6801, 6901, 7001, 7101, 7201, 7301, 7401, 7501, 7601, 7701, 7801, 7901, 8001, 8101, 8201, 8301, 8401, 8501, 8601, 8701, 8801, 8901], "batch_times": [5.204791307449341, 10.35917067527771, 15.551628828048706, 20.767975330352783, 26.02541971206665, 31.296903371810913, 36.58312273025513, 41.89265823364258, 47.22478628158569, 52.57939004898071, 57.94794988632202, 63.32912468910217, 68.73501372337341, 74.1604871749878, 79.58601450920105, 85.03604698181152, 90.50636887550354, 95.98136878013611, 101.46399450302124, 106.96564149856567, 112.47563290596008, 117.99010848999023, 123.51897954940796, 129.05994296073914, 134.61927223205566, 140.18447923660278, 145.76513981819153, 151.3526132106781, 156.9491024017334, 185.72904419898987, 191.3595666885376, 196.99902725219727, 202.64651584625244, 208.3026204109192, 213.95921635627747, 219.626234292984, 225.28919506072998, 230.96313452720642, 236.64316487312317, 242.31837391853333, 247.994158744812, 253.67054557800293, 259.3516561985016, 265.03774666786194, 270.7260596752167, 276.41962122917175, 282.116827249527, 287.8133716583252, 293.5106825828552, 299.2116017341614, 304.9116895198822, 310.6189045906067, 316.31516695022583, 322.02105259895325, 327.7249276638031, 333.4169075489044, 339.1240077018738, 344.82988953590393, 374.02978229522705, 379.76185941696167, 385.4917552471161, 391.22417521476746, 396.9601879119873, 402.6934723854065, 408.4241979122162, 414.16929030418396, 419.90635204315186, 425.6439757347107, 431.3841977119446, 437.13724875450134, 442.8747239112854, 448.6191256046295, 454.3522708415985, 460.08621406555176, 465.82304406166077, 471.56838631629944, 477.3160960674286, 483.0607409477234, 488.79996514320374, 494.53509974479675, 500.28295040130615, 506.0288739204407, 511.75950479507446, 517.4890081882477, 523.2183678150177, 528.9585547447205, 534.6871702671051], "val_times": [179.8806710243225, 368.080274105072, 557.9771835803986], "val_steps": [3000, 6000, 9000]}