{"train_loss": [1.4021476709445317, 1.3959827267726261, 1.3935209046602248], "val_accuracy": [0.25, 0.25, 0.25]}