{
  "train_loss_epoch": [
    0.22538935102832813,
    0.1314228157387115,
    0.08902107216076305
  ],
  "val_loss_epoch": [
    0.1659492022395134,
    0.158097420266519,
    0.16477312560317417
  ],
  "val_accuracy_epoch": [
    0.9426666666666667,
    0.947125,
    0.9481666666666667
  ],
  "val_f1_epoch": [
    0.9428068525323019,
    0.9470576932686131,
    0.9481756535097676
  ],
  "batch_loss": [
    0.351606160402298,
    0.31104013323783875,
    0.32899877429008484,
    0.2157306671142578,
    0.3805007040500641,
    0.06868640333414078,
    0.05814922973513603,
    0.022428711876273155,
    0.2256801426410675,
    0.2721441388130188,
    0.35398563742637634,
    0.2960021495819092,
    0.21765577793121338,
    0.23651163280010223,
    0.25249263644218445,
    0.4822940528392792,
    0.2049589455127716,
    0.17711065709590912,
    0.21726536750793457,
    0.10662402957677841,
    0.08064135164022446,
    0.03805507719516754,
    0.46987470984458923,
    0.22378061711788177,
    0.23577150702476501,
    0.2319837510585785,
    0.2133328914642334,
    0.038800377398729324,
    0.07840994000434875,
    0.060879260301589966,
    0.036004599183797836,
    0.3773626983165741,
    0.09701082110404968,
    0.09223588556051254,
    0.07731327414512634,
    0.18534733355045319,
    0.179246723651886,
    0.19259104132652283,
    0.05131498724222183,
    0.10294017940759659,
    0.10863663256168365,
    0.04269462451338768,
    0.10574964433908463,
    0.07165593653917313,
    0.04851685091853142,
    0.0566892996430397,
    0.23260413110256195,
    0.26184332370758057,
    0.1533839851617813,
    0.2600720524787903,
    0.20292572677135468,
    0.40324079990386963,
    0.0718940868973732,
    0.21750220656394958,
    0.2315654754638672,
    0.1832878291606903,
    0.07272385060787201,
    0.07322239875793457,
    0.08110146224498749,
    0.1796983927488327,
    0.1754082441329956,
    0.042093124240636826,
    0.017662569880485535,
    0.05595250427722931,
    0.07290134578943253,
    0.044059835374355316,
    0.10750208795070648,
    0.18235181272029877,
    0.09998049587011337,
    0.013254940509796143,
    0.1637059450149536,
    0.2161475121974945,
    0.06645914167165756,
    0.23247888684272766,
    0.038331203162670135,
    0.0749124214053154,
    0.06579839438199997,
    0.08737922459840775,
    0.02650368958711624,
    0.3371601998806,
    0.06941159814596176,
    0.011008242145180702,
    0.01690135896205902,
    0.027447067201137543,
    0.04940948262810707,
    0.03829824551939964,
    0.02395932376384735
  ],
  "batch_steps": [
    101,
    201,
    301,
    401,
    501,
    601,
    701,
    801,
    901,
    1001,
    1101,
    1201,
    1301,
    1401,
    1501,
    1601,
    1701,
    1801,
    1901,
    2001,
    2101,
    2201,
    2301,
    2401,
    2501,
    2601,
    2701,
    2801,
    2901,
    3101,
    3201,
    3301,
    3401,
    3501,
    3601,
    3701,
    3801,
    3901,
    4001,
    4101,
    4201,
    4301,
    4401,
    4501,
    4601,
    4701,
    4801,
    4901,
    5001,
    5101,
    5201,
    5301,
    5401,
    5501,
    5601,
    5701,
    5801,
    5901,
    6101,
    6201,
    6301,
    6401,
    6501,
    6601,
    6701,
    6801,
    6901,
    7001,
    7101,
    7201,
    7301,
    7401,
    7501,
    7601,
    7701,
    7801,
    7901,
    8001,
    8101,
    8201,
    8301,
    8401,
    8501,
    8601,
    8701,
    8801,
    8901
  ],
  "batch_times": [
    108.08996510505676,
    215.67106533050537,
    363.53954792022705,
    529.1907885074615,
    694.6619811058044,
    863.9899387359619,
    1031.5867960453033,
    1196.9855127334595,
    1362.6153514385223,
    1528.0427763462067,
    1693.6660904884338,
    1859.4288229942322,
    2025.2649290561676,
    2190.9267196655273,
    2352.335566997528,
    2517.7400925159454,
    2686.693385362625,
    2854.50168967247,
    3020.0449180603027,
    3185.833768606186,
    3351.0712373256683,
    3516.608209848404,
    3681.9451446533203,
    3846.9784219264984,
    4012.3303275108337,
    4177.421975374222,
    4339.473178625107,
    4506.64391374588,
    4674.622769117355,
    5408.913228750229,
    5574.163987874985,
    5739.2209548950195,
    5904.57895898819,
    6069.778114318848,
    6234.786650419235,
    6400.517767190933,
    6565.695045471191,
    6730.416113376617,
    6894.823402643204,
    7059.114093065262,
    7223.851412057877,
    7388.19100689888,
    7552.395030260086,
    7716.186580896378,
    7880.746999263763,
    8048.899629354477,
    8215.88098359108,
    8378.557483434677,
    8540.153092861176,
    8704.739817619324,
    8869.34910941124,
    9034.131796121597,
    9198.622177124023,
    9363.263181447983,
    9527.613577365875,
    9694.763089418411,
    9858.105259180069,
    9971.17734003067,
    10474.05593752861,
    10587.097145318985,
    10700.046233415604,
    10812.84173822403,
    10925.59248328209,
    11038.537228822708,
    11151.686371088028,
    11264.546491146088,
    11377.654993772507,
    11490.579605579376,
    11603.473244667053,
    11711.046230793,
    11781.549741506577,
    11840.404724359512,
    11899.145659923553,
    11957.861038208008,
    12016.606586694717,
    12075.444099664688,
    12134.19377732277,
    12192.969531536102,
    12251.72784614563,
    12310.488544225693,
    12369.239819765091,
    12427.979232788086,
    12486.803945541382,
    12545.549033880234,
    12604.267760515213,
    12663.060279369354,
    12721.7835855484
  ],
  "val_times": [
    5242.578217744827,
    10359.843531847,
    12929.260431051254
  ],
  "val_steps": [
    3000,
    6000,
    9000
  ]
}